Filename,Model,Dataset,Seed,Fold,MAE_15m,RMSE_15m,MAPE_15m,MAE_30m,RMSE_30m,MAPE_30m,MAE_60m,RMSE_60m,MAPE_60m
adaptive_tgcn_adaptive_pems08_seed42_default.json,AdaptiveTGCN,PEMS08,42,default,86.0,113.45,137.11,86.46,114.55,133.85,88.71,118.17,128.92
adaptive_tgcn_fused_fixed_a0.5_pems08_seed42_default.json,AdaptiveTGCN,PEMS08,42,default,20.18,29.28,15.18,21.95,32.4,16.39,25.93,38.42,19.94
adaptive_tgcn_fused_learnable_k10_pems08_seed42_default.json,AdaptiveTGCN,PEMS08,42,default,19.04,27.91,14.19,21.09,31.54,15.24,25.41,37.98,18.75
adaptive_tgcn_fused_learnable_k10_reg_pems08_seed42_default.json,AdaptiveTGCN,PEMS08,42,default,18.87,27.79,13.4,20.75,31.15,14.51,25.25,37.79,17.79
adaptive_tgcn_fused_learnable_k20_pems08_seed42_default.json,AdaptiveTGCN,PEMS08,42,default,19.05,28.0,13.9,21.14,31.59,15.57,25.6,38.06,19.84
adaptive_tgcn_fused_learnable_k5_pems04_seed42_fold0.json,AdaptiveTGCN,PEMS04,42,0,24.31,36.94,18.29,27.24,41.14,20.25,33.19,49.42,24.64
adaptive_tgcn_fused_learnable_k5_pems04_seed42_fold1.json,AdaptiveTGCN,PEMS04,42,1,24.27,36.9,16.62,27.2,41.03,18.61,33.16,49.34,22.96
adaptive_tgcn_fused_learnable_k5_pems04_seed42_fold2.json,AdaptiveTGCN,PEMS04,42,2,23.2,35.01,17.46,25.68,38.49,19.04,30.9,45.66,22.93
adaptive_tgcn_fused_learnable_k5_pems04_seed42_fold3.json,AdaptiveTGCN,PEMS04,42,3,23.74,36.41,17.04,26.59,40.37,18.81,32.3,48.1,22.95
adaptive_tgcn_fused_learnable_k5_pems04_seed52_fold0.json,AdaptiveTGCN,PEMS04,52,0,24.18,36.99,17.59,27.13,41.22,19.59,33.14,49.58,24.12
adaptive_tgcn_fused_learnable_k5_pems04_seed52_fold1.json,AdaptiveTGCN,PEMS04,52,1,24.19,36.73,17.27,27.11,40.9,19.19,33.09,49.39,23.53
adaptive_tgcn_fused_learnable_k5_pems04_seed52_fold2.json,AdaptiveTGCN,PEMS04,52,2,23.23,34.97,17.39,25.79,38.61,19.11,30.99,45.85,22.96
adaptive_tgcn_fused_learnable_k5_pems04_seed52_fold3.json,AdaptiveTGCN,PEMS04,52,3,24.2,36.97,17.8,27.04,40.94,19.6,32.61,48.5,23.58
adaptive_tgcn_fused_learnable_k5_pems04_seed62_fold0.json,AdaptiveTGCN,PEMS04,62,0,24.1,36.64,17.72,27.01,40.83,19.84,32.84,49.01,24.82
adaptive_tgcn_fused_learnable_k5_pems04_seed62_fold1.json,AdaptiveTGCN,PEMS04,62,1,24.68,37.38,17.75,27.66,41.65,19.61,33.72,50.43,23.76
adaptive_tgcn_fused_learnable_k5_pems04_seed62_fold2.json,AdaptiveTGCN,PEMS04,62,2,23.25,35.02,17.43,25.72,38.55,18.89,30.84,45.81,22.28
adaptive_tgcn_fused_learnable_k5_pems04_seed62_fold3.json,AdaptiveTGCN,PEMS04,62,3,23.87,36.26,17.36,26.74,40.36,19.29,32.51,48.34,24.0
adaptive_tgcn_fused_learnable_k5_pems08_seed42_default.json,AdaptiveTGCN,PEMS08,42,default,18.61,27.46,13.83,20.48,30.75,15.09,24.87,37.19,19.24
adaptive_tgcn_fused_learnable_k5_pems08_seed42_fold0.json,AdaptiveTGCN,PEMS08,42,0,19.64,29.26,14.0,21.72,32.82,15.3,26.63,39.84,19.46
adaptive_tgcn_fused_learnable_k5_pems08_seed42_fold1.json,AdaptiveTGCN,PEMS08,42,1,19.4,29.17,16.24,21.3,32.63,17.9,25.79,39.46,22.87
adaptive_tgcn_fused_learnable_k5_pems08_seed42_fold2.json,AdaptiveTGCN,PEMS08,42,2,19.16,28.21,14.4,21.13,31.69,15.59,25.66,38.32,19.99
adaptive_tgcn_fused_learnable_k5_pems08_seed42_fold3.json,AdaptiveTGCN,PEMS08,42,3,17.69,26.33,13.28,19.65,29.78,14.53,23.96,36.25,17.95
adaptive_tgcn_fused_learnable_k5_pems08_seed52_fold0.json,AdaptiveTGCN,PEMS08,52,0,19.6,29.23,13.76,21.77,32.96,14.93,26.72,39.96,18.58
adaptive_tgcn_fused_learnable_k5_pems08_seed52_fold1.json,AdaptiveTGCN,PEMS08,52,1,20.02,29.72,17.02,22.03,33.29,19.13,26.74,40.42,24.84
adaptive_tgcn_fused_learnable_k5_pems08_seed52_fold2.json,AdaptiveTGCN,PEMS08,52,2,19.01,28.0,14.39,20.96,31.39,15.49,25.46,37.92,19.48
adaptive_tgcn_fused_learnable_k5_pems08_seed52_fold3.json,AdaptiveTGCN,PEMS08,52,3,17.78,26.48,13.76,19.45,29.56,14.68,23.44,35.51,17.86
adaptive_tgcn_fused_learnable_k5_pems08_seed62_fold0.json,AdaptiveTGCN,PEMS08,62,0,19.89,29.53,14.29,22.04,33.2,15.63,26.88,40.04,19.82
adaptive_tgcn_fused_learnable_k5_pems08_seed62_fold1.json,AdaptiveTGCN,PEMS08,62,1,20.81,30.74,17.71,22.88,34.41,19.55,27.44,41.18,24.84
adaptive_tgcn_fused_learnable_k5_pems08_seed62_fold2.json,AdaptiveTGCN,PEMS08,62,2,18.84,27.86,13.76,20.83,31.3,15.11,25.48,38.02,19.24
adaptive_tgcn_fused_learnable_k5_pems08_seed62_fold3.json,AdaptiveTGCN,PEMS08,62,3,17.97,26.64,14.2,19.85,29.98,15.27,24.22,36.42,18.85
adaptive_tgcn_fused_learnable_pems08_seed42_default.json,AdaptiveTGCN,PEMS08,42,default,19.24,28.23,14.21,21.18,31.67,15.98,25.39,37.89,20.09
adaptive_tgcn_physical_pems08_seed42_default.json,AdaptiveTGCN,PEMS08,42,default,19.02,27.95,14.94,21.03,31.42,16.59,25.9,38.43,21.55
agcrn_pems08_seed42_fold0.json,AGCRN,PEMS08,42,0,17.77,28.32,11.74,18.36,29.36,11.9,20.08,31.77,13.07
agcrn_pems08_seed42_fold1.json,AGCRN,PEMS08,42,1,19.55,33.92,17.74,20.24,35.07,18.83,22.01,37.49,20.89
agcrn_pems08_seed42_fold2.json,AGCRN,PEMS08,42,2,17.55,28.35,11.68,18.03,29.18,11.84,19.6,31.31,13.0
agcrn_pems08_seed42_fold3.json,AGCRN,PEMS08,42,3,16.96,26.87,11.48,17.36,27.66,11.74,18.82,29.56,13.05
agcrn_pems08_seed52_fold0.json,AGCRN,PEMS08,52,0,18.66,30.49,12.07,19.29,31.38,12.43,21.3,33.85,13.89
agcrn_pems08_seed52_fold1.json,AGCRN,PEMS08,52,1,19.71,33.57,25.95,20.42,34.89,26.96,22.26,37.45,28.7
agcrn_pems08_seed52_fold2.json,AGCRN,PEMS08,52,2,17.36,27.43,11.1,17.93,28.43,11.37,19.57,30.71,12.47
agcrn_pems08_seed52_fold3.json,AGCRN,PEMS08,52,3,16.68,25.62,12.18,17.25,26.76,12.38,18.88,29.22,13.58
agcrn_pems08_seed62_fold0.json,AGCRN,PEMS08,62,0,17.16,26.68,11.08,17.81,27.85,11.44,19.67,30.52,12.79
agcrn_pems08_seed62_fold1.json,AGCRN,PEMS08,62,1,18.36,29.71,17.74,19.03,31.05,18.77,20.75,33.71,21.06
agcrn_pems08_seed62_fold2.json,AGCRN,PEMS08,62,2,17.23,26.48,11.99,17.74,27.52,12.2,19.3,29.99,12.67
agcrn_pems08_seed62_fold3.json,AGCRN,PEMS08,62,3,16.81,25.84,11.39,17.41,27.09,11.73,19.24,29.92,13.24
dcrnn_pems08_seed42_fold0.json,DCRNN,PEMS08,42,0,16.57,26.05,11.23,18.84,29.62,13.02,23.43,36.23,17.26
dcrnn_pems08_seed42_fold1.json,DCRNN,PEMS08,42,1,15.95,25.22,10.95,18.09,28.94,13.21,22.58,35.61,18.73
dcrnn_pems08_seed42_fold2.json,DCRNN,PEMS08,42,2,16.05,24.96,10.18,18.16,28.53,11.45,22.67,34.98,15.17
dcrnn_pems08_seed42_fold3.json,DCRNN,PEMS08,42,3,15.58,24.19,10.21,17.63,27.74,11.7,21.81,33.98,15.27
dcrnn_pems08_seed52_fold0.json,DCRNN,PEMS08,52,0,16.62,26.12,10.72,18.91,29.75,12.46,23.46,36.25,15.46
dcrnn_pems08_seed52_fold1.json,DCRNN,PEMS08,52,1,16.05,25.28,10.88,18.17,29.03,12.78,22.56,35.66,16.61
dcrnn_pems08_seed52_fold2.json,DCRNN,PEMS08,52,2,16.05,24.99,10.5,18.16,28.51,12.14,22.6,35.0,15.84
dcrnn_pems08_seed52_fold3.json,DCRNN,PEMS08,52,3,15.53,24.07,10.09,17.51,27.5,11.44,21.44,33.38,14.05
dcrnn_pems08_seed62_fold0.json,DCRNN,PEMS08,62,0,16.59,26.1,10.9,18.73,29.61,11.88,23.31,36.09,14.84
dcrnn_pems08_seed62_fold1.json,DCRNN,PEMS08,62,1,15.94,25.21,10.81,18.04,28.9,12.66,22.24,35.26,16.49
dcrnn_pems08_seed62_fold2.json,DCRNN,PEMS08,62,2,16.05,24.84,10.63,18.25,28.34,12.48,22.73,34.68,16.09
dcrnn_pems08_seed62_fold3.json,DCRNN,PEMS08,62,3,15.5,24.06,10.16,17.54,27.52,11.81,21.52,33.38,14.89
pdformer_pems08_seed42_fold0.json,PDFormer,PEMS08,42,0,16.41,26.05,10.22,18.44,29.49,11.89,22.5,35.43,14.72
pdformer_pems08_seed42_fold1.json,PDFormer,PEMS08,42,1,15.77,25.15,10.75,17.75,28.71,12.48,21.72,34.88,15.99
pdformer_pems08_seed42_fold2.json,PDFormer,PEMS08,42,2,15.74,24.65,10.47,17.61,27.91,11.85,21.47,33.79,14.69
pdformer_pems08_seed42_fold3.json,PDFormer,PEMS08,42,3,15.27,23.94,9.7,17.01,27.05,11.02,20.57,32.48,13.25
pdformer_pems08_seed52_fold0.json,PDFormer,PEMS08,52,0,16.48,26.14,10.37,18.55,29.57,11.5,22.64,35.57,14.75
pdformer_pems08_seed52_fold1.json,PDFormer,PEMS08,52,1,15.73,25.11,10.98,17.74,28.64,12.87,21.73,34.67,18.16
pdformer_pems08_seed52_fold2.json,PDFormer,PEMS08,52,2,15.75,24.75,9.86,17.69,28.02,11.4,21.59,33.89,14.7
pdformer_pems08_seed52_fold3.json,PDFormer,PEMS08,52,3,15.25,23.86,9.66,17.08,27.01,10.89,20.59,32.33,13.66
pdformer_pems08_seed62_fold0.json,PDFormer,PEMS08,62,0,16.33,25.95,10.48,18.32,29.23,11.61,22.17,35.02,14.32
pdformer_pems08_seed62_fold1.json,PDFormer,PEMS08,62,1,15.72,25.11,11.31,17.62,28.52,12.62,21.49,34.51,16.48
pdformer_pems08_seed62_fold2.json,PDFormer,PEMS08,62,2,15.75,24.65,9.94,17.69,27.89,10.97,21.59,33.74,13.47
pdformer_pems08_seed62_fold3.json,PDFormer,PEMS08,62,3,15.08,23.63,9.75,16.91,26.78,10.87,20.24,31.87,13.08
pgcrn_pems04_seed42_fold0.json,PGCRN,PEMS04,42,0,28.99,42.99,22.29,31.39,46.55,24.28,37.56,54.92,28.99
pgcrn_pems04_seed42_fold1.json,PGCRN,PEMS04,42,1,29.16,43.52,22.45,31.54,47.01,21.53,37.85,55.64,25.72
pgcrn_pems04_seed42_fold2.json,PGCRN,PEMS04,42,2,26.89,40.22,20.52,29.04,43.32,22.09,34.7,50.97,27.27
pgcrn_pems04_seed42_fold3.json,PGCRN,PEMS04,42,3,27.81,41.53,20.63,30.02,44.67,23.11,36.07,52.75,28.7
pgcrn_pems04_seed52_fold0.json,PGCRN,PEMS04,52,0,28.83,42.86,20.93,31.09,46.3,22.44,37.42,55.06,26.88
pgcrn_pems04_seed52_fold1.json,PGCRN,PEMS04,52,1,29.28,43.4,20.27,31.71,46.95,21.95,38.27,56.11,26.03
pgcrn_pems04_seed52_fold2.json,PGCRN,PEMS04,52,2,27.04,40.29,19.6,28.99,43.13,20.85,34.47,50.66,24.78
pgcrn_pems04_seed52_fold3.json,PGCRN,PEMS04,52,3,27.85,41.57,20.08,30.04,44.78,21.37,36.26,53.24,25.64
pgcrn_pems04_seed62_fold0.json,PGCRN,PEMS04,62,0,28.75,42.72,21.05,30.94,45.98,22.85,37.2,54.51,27.45
pgcrn_pems04_seed62_fold1.json,PGCRN,PEMS04,62,1,28.94,43.2,19.8,31.19,46.44,21.27,37.79,55.46,25.22
pgcrn_pems04_seed62_fold2.json,PGCRN,PEMS04,62,2,27.17,40.55,21.37,29.25,43.51,23.06,34.87,50.96,29.35
pgcrn_pems04_seed62_fold3.json,PGCRN,PEMS04,62,3,27.71,41.54,19.98,30.18,45.03,21.44,36.56,53.66,25.33
stdmae_pems08_seed42_fold0.json,STD-MAE,PEMS08,42,0,16.34,25.65,10.18,16.84,26.45,10.4,17.9,27.93,11.29
stdmae_pems08_seed42_fold1.json,STD-MAE,PEMS08,42,1,17.6,28.14,17.57,18.51,29.84,18.76,20.04,32.28,20.77
stdmae_pems08_seed42_fold2.json,STD-MAE,PEMS08,42,2,15.68,24.62,9.98,16.22,25.59,10.2,17.37,27.22,11.11
stdmae_pems08_seed52_fold0.json,STD-MAE,PEMS08,52,0,16.31,25.62,10.12,16.9,26.58,10.57,18.09,28.3,11.23
stdmae_pems08_seed52_fold1.json,STD-MAE,PEMS08,52,1,17.42,27.88,16.43,18.24,29.34,17.35,19.91,31.98,19.22
stdmae_pems08_seed62_fold0.json,STD-MAE,PEMS08,62,0,16.29,25.65,10.34,16.66,26.28,10.42,17.76,27.87,11.31
stdmae_pems08_seed62_fold1.json,STD-MAE,PEMS08,62,1,18.26,29.76,18.4,18.73,30.69,18.85,20.15,33.13,20.71
stfgnn_pems04_seed42_fold0.json,STFGNN,PEMS04,42,0,26.07,40.26,20.44,26.97,41.41,20.9,31.21,46.63,24.62
stfgnn_pems04_seed42_fold1.json,STFGNN,PEMS04,42,1,24.69,37.97,18.21,25.41,38.87,18.84,29.68,44.35,22.53
stfgnn_pems04_seed42_fold2.json,STFGNN,PEMS04,42,2,24.98,38.05,18.53,25.71,38.94,19.19,29.29,43.33,22.6
stfgnn_pems04_seed42_fold3.json,STFGNN,PEMS04,42,3,25.19,39.04,19.38,25.86,39.82,19.85,29.49,44.1,22.63
stfgnn_pems04_seed52_fold0.json,STFGNN,PEMS04,52,0,25.99,39.96,19.47,26.87,41.01,20.21,31.11,46.09,24.01
stfgnn_pems04_seed52_fold1.json,STFGNN,PEMS04,52,1,25.16,38.61,18.01,25.87,39.51,18.48,30.03,44.87,21.92
stfgnn_pems04_seed52_fold2.json,STFGNN,PEMS04,52,2,24.98,38.19,18.13,25.74,39.16,18.74,29.45,43.82,21.91
stfgnn_pems04_seed52_fold3.json,STFGNN,PEMS04,52,3,25.13,39.04,18.29,25.84,39.86,18.77,29.64,44.32,21.9
stfgnn_pems04_seed62_fold0.json,STFGNN,PEMS04,62,0,26.05,39.9,19.76,26.83,40.83,20.53,30.93,45.84,24.79
stfgnn_pems04_seed62_fold1.json,STFGNN,PEMS04,62,1,25.02,38.47,17.76,25.79,39.47,18.3,30.13,44.95,22.17
stfgnn_pems04_seed62_fold2.json,STFGNN,PEMS04,62,2,24.76,38.21,17.82,25.59,39.24,18.64,29.43,43.95,22.36
stfgnn_pems04_seed62_fold3.json,STFGNN,PEMS04,62,3,25.26,39.15,20.73,26.03,40.04,21.47,30.0,44.79,24.7
stfgnn_pems08_seed42_fold0.json,STFGNN,PEMS08,42,0,24.98,38.96,18.21,25.76,39.95,19.06,29.12,43.85,22.61
stfgnn_pems08_seed42_fold1.json,STFGNN,PEMS08,42,1,25.28,42.54,30.75,25.81,43.23,31.29,28.43,46.0,34.64
stfgnn_pems08_seed42_fold2.json,STFGNN,PEMS08,42,2,22.02,33.9,15.69,22.62,34.62,16.28,25.51,38.05,19.0
stfgnn_pems08_seed42_fold3.json,STFGNN,PEMS08,42,3,20.96,31.94,15.55,21.51,32.72,16.02,24.11,36.07,18.56
stfgnn_pems08_seed52_fold0.json,STFGNN,PEMS08,52,0,24.98,38.88,17.38,25.68,39.78,18.13,28.93,43.52,21.43
stfgnn_pems08_seed52_fold1.json,STFGNN,PEMS08,52,1,25.63,43.11,29.67,26.07,43.73,30.16,28.53,46.38,32.89
stfgnn_pems08_seed52_fold2.json,STFGNN,PEMS08,52,2,22.41,34.04,16.54,23.05,34.81,17.09,26.04,38.45,19.85
stfgnn_pems08_seed52_fold3.json,STFGNN,PEMS08,52,3,21.01,32.13,15.68,21.48,32.84,16.32,23.99,35.99,19.21
stfgnn_pems08_seed62_fold0.json,STFGNN,PEMS08,62,0,25.32,38.66,20.32,25.96,39.58,20.83,29.13,43.37,24.22
stfgnn_pems08_seed62_fold1.json,STFGNN,PEMS08,62,1,25.66,42.54,31.01,26.11,43.13,31.83,28.46,45.71,34.53
stfgnn_pems08_seed62_fold2.json,STFGNN,PEMS08,62,2,22.24,34.21,16.22,22.87,34.95,16.79,25.79,38.41,19.52
stfgnn_pems08_seed62_fold3.json,STFGNN,PEMS08,62,3,21.05,32.14,16.41,21.56,32.83,17.38,23.99,35.84,20.35
